Row Index,Predicted Primary Type
16386,THEFT
4,NARCOTICS
8199,NARCOTICS
18,NARCOTICS
16407,THEFT
16409,THEFT
27,BATTERY
13659,BURGLARY
39,BATTERY
8237,BATTERY
18005,BATTERY
8241,BATTERY
56,THEFT
8250,CRIMINAL DAMAGE
60,CRIMINAL DAMAGE
8253,THEFT
64,BURGLARY
16449,THEFT
8258,BATTERY
8267,BATTERY
16461,THEFT
8270,BURGLARY
88,BATTERY
95,THEFT
97,DECEPTIVE PRACTICE
16483,BATTERY
8293,BATTERY
16487,THEFT
16489,THEFT
8300,CRIMINAL TRESPASS
110,THEFT
111,NARCOTICS
113,BATTERY
115,THEFT
121,BATTERY
8320,BURGLARY
129,OTHER OFFENSE
8326,BATTERY
8329,THEFT
16522,BATTERY
16523,BATTERY
16530,NARCOTICS
148,THEFT
8342,DECEPTIVE PRACTICE
16535,BATTERY
16537,NARCOTICS
158,BATTERY
160,BURGLARY
8354,BATTERY
163,BATTERY
164,THEFT
168,MOTOR VEHICLE THEFT
8362,DECEPTIVE PRACTICE
172,BATTERY
177,BATTERY
16569,THEFT
8378,THEFT
8379,BATTERY
193,DECEPTIVE PRACTICE
198,BATTERY
8391,NARCOTICS
200,BATTERY
8398,NARCOTICS
8405,BATTERY
16598,MOTOR VEHICLE THEFT
215,NARCOTICS
16600,THEFT
8409,CRIMINAL DAMAGE
19151,THEFT
8414,BATTERY
17788,THEFT
16622,NARCOTICS
8437,BATTERY
8440,DECEPTIVE PRACTICE
250,BATTERY
8445,BATTERY
255,NARCOTICS
16640,DECEPTIVE PRACTICE
8451,BATTERY
8464,BATTERY
275,BURGLARY
16660,THEFT
278,THEFT
280,BATTERY
282,DECEPTIVE PRACTICE
16667,THEFT
16669,BATTERY
13701,CRIMINAL TRESPASS
8483,CRIMINAL DAMAGE
16680,THEFT
8491,CRIMINAL DAMAGE
301,THEFT
304,NARCOTICS
305,THEFT
16691,BATTERY
309,BATTERY
16697,THEFT
16698,THEFT
8507,THEFT
8515,THEFT
325,THEFT
328,THEFT
16718,THEFT
16722,THEFT
342,BATTERY
8536,BATTERY
16734,BATTERY
351,PROSTITUTION
354,THEFT
355,BATTERY
8549,THEFT
8551,BATTERY
8552,DECEPTIVE PRACTICE
8559,BATTERY
16757,NARCOTICS
16759,THEFT
8570,THEFT
8574,BATTERY
16771,THEFT
396,THEFT
16450,BATTERY
399,BATTERY
8594,THEFT
413,BATTERY
8606,THEFT
420,DECEPTIVE PRACTICE
421,THEFT
19185,CRIMINAL DAMAGE
16808,CRIMINAL DAMAGE
425,THEFT
435,BATTERY
16824,NARCOTICS
8633,THEFT
447,BATTERY
448,BATTERY
16836,BATTERY
8645,BATTERY
16845,THEFT
17201,THEFT
8672,BATTERY
16865,BATTERY
8675,BATTERY
8678,BATTERY
8679,BATTERY
8680,NARCOTICS
16876,DECEPTIVE PRACTICE
495,THEFT
511,NARCOTICS
16898,NARCOTICS
13739,THEFT
16900,THEFT
8713,BATTERY
8720,BATTERY
16472,LIQUOR LAW VIOLATION
16915,BURGLARY
8726,BATTERY
8731,THEFT
8734,BATTERY
8742,NARCOTICS
16939,BURGLARY
8748,BATTERY
558,NARCOTICS
566,BATTERY
570,NARCOTICS
16955,BATTERY
19932,NARCOTICS
8766,NARCOTICS
577,NARCOTICS
579,CRIMINAL TRESPASS
16969,NARCOTICS
16971,THEFT
8780,THEFT
590,THEFT
16979,THEFT
8789,BATTERY
8790,CRIMINAL DAMAGE
8792,THEFT
8795,BATTERY
8801,NARCOTICS
5203,THEFT
16999,BATTERY
8809,NARCOTICS
8810,THEFT
621,DECEPTIVE PRACTICE
17006,DECEPTIVE PRACTICE
8815,NARCOTICS
626,NARCOTICS
17011,THEFT
633,NARCOTICS
17021,THEFT
644,BATTERY
17029,BATTERY
648,NARCOTICS
649,BATTERY
8845,THEFT
656,DECEPTIVE PRACTICE
17046,BATTERY
663,NARCOTICS
8862,NARCOTICS
682,THEFT
8876,THEFT
17081,BATTERY
699,BATTERY
17084,THEFT
707,BATTERY
17093,THEFT
8908,CRIMINAL DAMAGE
8912,BATTERY
8913,BATTERY
8916,DECEPTIVE PRACTICE
732,BATTERY
734,THEFT
17123,NARCOTICS
741,BATTERY
742,THEFT
748,BATTERY
8944,BATTERY
755,BATTERY
8951,BATTERY
760,BATTERY
17145,THEFT
8954,BATTERY
17157,BATTERY
8968,BATTERY
779,BATTERY
780,THEFT
8975,BATTERY
8979,BATTERY
17176,THEFT
16666,THEFT
19318,THEFT
800,BATTERY
17187,BATTERY
1500,THEFT
812,PROSTITUTION
17197,NARCOTICS
9006,MOTOR VEHICLE THEFT
1501,CRIMINAL DAMAGE
9009,BATTERY
9012,BATTERY
9013,THEFT
822,CRIMINAL DAMAGE
9017,NARCOTICS
829,CRIMINAL TRESPASS
17215,BATTERY
9025,NARCOTICS
9026,THEFT
838,DECEPTIVE PRACTICE
840,BATTERY
848,NARCOTICS
9043,BATTERY
853,NARCOTICS
17239,THEFT
9050,BATTERY
859,THEFT
9060,THEFT
19260,NARCOTICS
876,THEFT
880,NARCOTICS
881,NARCOTICS
883,OTHER OFFENSE
9078,THEFT
889,BATTERY
893,CRIMINAL DAMAGE
895,THEFT
17284,CRIMINAL DAMAGE
901,THEFT
9095,BATTERY
907,THEFT
17292,THEFT
9103,ROBBERY
915,BATTERY
17301,NARCOTICS
918,THEFT
17303,DECEPTIVE PRACTICE
930,DECEPTIVE PRACTICE
17315,BATTERY
939,BATTERY
17906,BATTERY
9135,NARCOTICS
944,DECEPTIVE PRACTICE
9137,NARCOTICS
9138,THEFT
951,THEFT
953,DECEPTIVE PRACTICE
17338,BATTERY
956,THEFT
17341,THEFT
959,THEFT
17347,BATTERY
17910,NARCOTICS
973,DECEPTIVE PRACTICE
983,BATTERY
985,THEFT
9178,MOTOR VEHICLE THEFT
9187,NARCOTICS
9190,THEFT
1002,ASSAULT
4263,THEFT
9199,BATTERY
1010,BATTERY
1014,NARCOTICS
17399,BATTERY
17402,DECEPTIVE PRACTICE
9212,BATTERY
9213,THEFT
1025,BATTERY
9223,CRIMINAL DAMAGE
17416,BATTERY
9225,MOTOR VEHICLE THEFT
1041,BATTERY
17430,ROBBERY
17444,BATTERY
1062,THEFT
11100,THEFT
1069,BATTERY
17457,DECEPTIVE PRACTICE
1076,THEFT
9276,NARCOTICS
1085,BATTERY
17470,NARCOTICS
1087,ASSAULT
1088,THEFT
9283,THEFT
17479,NARCOTICS
9290,BATTERY
1109,BATTERY
9302,THEFT
17496,BATTERY
9306,BATTERY
1116,THEFT
17503,THEFT
13840,BATTERY
1124,THEFT
1126,THEFT
1128,LIQUOR LAW VIOLATION
15207,THEFT
1133,BATTERY
9334,BATTERY
13844,DECEPTIVE PRACTICE
9339,THEFT
1150,NARCOTICS
1151,BATTERY
19133,BATTERY
17540,THEFT
17545,THEFT
1164,THEFT
1165,THEFT
17551,OTHER OFFENSE
9368,BATTERY
9373,THEFT
9375,THEFT
1185,NARCOTICS
19407,BATTERY
1194,THEFT
199,NARCOTICS
17582,CRIMINAL DAMAGE
9391,BATTERY
17586,THEFT
17590,THEFT
1215,THEFT
9413,NARCOTICS
17607,THEFT
1229,BURGLARY
1233,DECEPTIVE PRACTICE
9427,NARCOTICS
17625,NARCOTICS
1245,NARCOTICS
9440,BATTERY
1250,NARCOTICS
17635,BATTERY
1262,NARCOTICS
1269,NARCOTICS
9464,BATTERY
17659,NARCOTICS
1277,CRIMINAL DAMAGE
9473,NARCOTICS
1295,NARCOTICS
1303,NARCOTICS
1304,NARCOTICS
1305,NARCOTICS
17690,THEFT
9500,THEFT
17697,NARCOTICS
1315,NARCOTICS
17708,PROSTITUTION
9519,THEFT
17712,THEFT
1333,THEFT
1338,NARCOTICS
17723,BATTERY
17730,BATTERY
9544,BURGLARY
13879,THEFT
1357,BATTERY
9552,BATTERY
1364,THEFT
1365,CRIMINAL TRESPASS
9558,THEFT
1368,PROSTITUTION
1594,THEFT
9574,BATTERY
1384,BATTERY
1388,NARCOTICS
17773,BATTERY
1391,BATTERY
9584,BATTERY
17779,THEFT
9589,ROBBERY
9596,LIQUOR LAW VIOLATION
17790,THEFT
17791,THEFT
9600,BATTERY
9607,BATTERY
9609,NARCOTICS
9626,THEFT
17820,THEFT
17821,THEFT
9630,NARCOTICS
9635,BURGLARY
1449,CRIMINAL DAMAGE
9642,BATTERY
9643,NARCOTICS
1452,THEFT
1454,BATTERY
1456,ROBBERY
1459,BATTERY
1466,NARCOTICS
1468,CRIMINAL DAMAGE
9667,BURGLARY
9675,THEFT
9677,NARCOTICS
9679,BATTERY
1489,BATTERY
1492,THEFT
1496,BATTERY
1498,ASSAULT
9692,THEFT
9693,NARCOTICS
9695,PROSTITUTION
17889,NARCOTICS
19366,THEFT
17896,BATTERY
1516,BATTERY
9714,THEFT
17907,DECEPTIVE PRACTICE
1526,BURGLARY
19369,BATTERY
17915,NARCOTICS
9726,BATTERY
17919,THEFT
1537,THEFT
1540,THEFT
9739,BATTERY
1555,THEFT
9750,CRIMINAL DAMAGE
9755,CRIMINAL DAMAGE
17952,THEFT
1571,BATTERY
1574,CRIMINAL DAMAGE
17963,NARCOTICS
17966,BATTERY
17967,CRIMINAL DAMAGE
9778,BATTERY
9779,THEFT
9786,THEFT
8782,THEFT
1599,PROSTITUTION
1607,CRIMINAL TRESPASS
9800,THEFT
9803,THEFT
18001,PROSTITUTION
9813,CRIMINAL DAMAGE
1625,THEFT
9818,BATTERY
1629,NARCOTICS
9823,DECEPTIVE PRACTICE
9829,OTHER OFFENSE
1645,BATTERY
1660,CRIMINAL DAMAGE
1672,THEFT
18060,BATTERY
18074,NARCOTICS
9885,PROSTITUTION
18078,BATTERY
19397,THEFT
18088,BATTERY
9897,THEFT
1710,THEFT
9904,THEFT
1713,THEFT
1714,CRIMINAL DAMAGE
9912,THEFT
9913,THEFT
9923,THEFT
13943,BATTERY
1740,NARCOTICS
1741,THEFT
9937,THEFT
18133,THEFT
1751,THEFT
1752,NARCOTICS
12879,MOTOR VEHICLE THEFT
1755,THEFT
9948,BATTERY
9951,NARCOTICS
9953,THEFT
18148,BATTERY
9957,BATTERY
18150,BATTERY
1767,CRIMINAL DAMAGE
18154,THEFT
9963,BATTERY
1777,DECEPTIVE PRACTICE
1778,THEFT
9977,PROSTITUTION
9978,THEFT
18171,THEFT
9981,NARCOTICS
15318,NARCOTICS
1803,NARCOTICS
10001,THEFT
10008,THEFT
18204,THEFT
1822,NARCOTICS
1825,THEFT
1831,THEFT
18217,BURGLARY
10032,THEFT
10033,THEFT
1845,NARCOTICS
10047,THEFT
1862,THEFT
10057,BATTERY
10061,BATTERY
10065,THEFT
10068,THEFT
10078,THEFT
1891,THEFT
18276,BATTERY
18279,THEFT
10088,BATTERY
1905,THEFT
18290,OTHER OFFENSE
18291,DECEPTIVE PRACTICE
18298,BATTERY
1916,THEFT
10109,THEFT
18305,BATTERY
18308,NARCOTICS
10120,THEFT
10121,NARCOTICS
1931,NARCOTICS
1932,THEFT
1936,CRIMINAL DAMAGE
10129,THEFT
18328,DECEPTIVE PRACTICE
18330,DECEPTIVE PRACTICE
10148,THEFT
1964,NARCOTICS
18077,THEFT
1969,BATTERY
1972,BATTERY
10165,THEFT
10166,THEFT
18361,BATTERY
1980,CRIMINAL DAMAGE
10177,NARCOTICS
18372,NARCOTICS
10181,OTHER OFFENSE
18375,THEFT
1995,BATTERY
10188,BATTERY
1997,NARCOTICS
1998,CRIMINAL DAMAGE
10192,BURGLARY
2005,CRIMINAL DAMAGE
18390,NARCOTICS
10204,NARCOTICS
18398,NARCOTICS
18399,THEFT
10214,BURGLARY
2024,BATTERY
18410,BATTERY
10227,BATTERY
10230,CRIMINAL DAMAGE
10232,BATTERY
18429,CRIMINAL DAMAGE
15360,MOTOR VEHICLE THEFT
2050,LIQUOR LAW VIOLATION
10243,BATTERY
18440,THEFT
18442,DECEPTIVE PRACTICE
2059,THEFT
18447,THEFT
344,THEFT
2070,THEFT
18458,THEFT
2075,THEFT
2076,BATTERY
18465,DECEPTIVE PRACTICE
18467,OFFENSE INVOLVING CHILDREN
2085,BATTERY
10279,CRIMINAL DAMAGE
2091,BATTERY
2093,BATTERY
2095,BATTERY
2106,BATTERY
2110,BATTERY
2111,BATTERY
18499,BATTERY
2116,BATTERY
18502,THEFT
10312,DECEPTIVE PRACTICE
2127,BATTERY
2128,THEFT
10323,THEFT
2141,THEFT
10335,BATTERY
10337,THEFT
18530,CRIMINAL DAMAGE
10341,THEFT
18534,BATTERY
18538,NARCOTICS
18541,BATTERY
10354,THEFT
10359,THEFT
10366,THEFT
18562,THEFT
10371,BATTERY
10372,BATTERY
2182,THEFT
10378,BATTERY
2188,THEFT
18580,CRIMINAL TRESPASS
2198,BATTERY
10391,DECEPTIVE PRACTICE
18585,NARCOTICS
10400,BATTERY
10401,THEFT
10406,DECEPTIVE PRACTICE
2217,THEFT
2218,NARCOTICS
10412,BATTERY
2223,THEFT
10417,BATTERY
10418,BATTERY
2227,THEFT
2228,DECEPTIVE PRACTICE
10425,BATTERY
10426,CRIMINAL DAMAGE
18626,BATTERY
10439,THEFT
18633,CRIMINAL DAMAGE
2251,THEFT
18125,NARCOTICS
18648,BATTERY
10460,BATTERY
18653,NARCOTICS
18654,BATTERY
2271,BURGLARY
10466,CRIMINAL DAMAGE
2275,THEFT
2276,THEFT
2283,THEFT
18673,BATTERY
10488,THEFT
10489,MOTOR VEHICLE THEFT
2302,THEFT
18688,PROSTITUTION
18691,THEFT
2309,THEFT
18697,PROSTITUTION
18698,NARCOTICS
2319,MOTOR VEHICLE THEFT
18707,BATTERY
18709,BATTERY
10518,BATTERY
18711,THEFT
2333,NARCOTICS
2341,BATTERY
2349,THEFT
10542,BATTERY
10545,INTERFERENCE WITH PUBLIC OFFICER
2357,THEFT
2361,THEFT
3125,CRIMINAL DAMAGE
18755,BATTERY
10573,NARCOTICS
10576,DECEPTIVE PRACTICE
2386,BATTERY
18771,THEFT
2393,BATTERY
8591,NARCOTICS
18780,THEFT
2399,THEFT
10592,THEFT
18788,BURGLARY
2410,BATTERY
10607,PROSTITUTION
2416,BURGLARY
18802,CRIMINAL DAMAGE
2421,BATTERY
18807,BATTERY
10619,NARCOTICS
2429,THEFT
2440,BATTERY
18825,THEFT
2446,BATTERY
18835,THEFT
18837,BATTERY
18838,THEFT
2460,NARCOTICS
2465,BATTERY
18855,MOTOR VEHICLE THEFT
2472,CRIMINAL DAMAGE
8605,BATTERY
10675,BATTERY
2496,BATTERY
10690,THEFT
14070,THEFT
2503,THEFT
2510,BATTERY
2516,THEFT
18901,THEFT
2518,BATTERY
18169,THEFT
18909,BATTERY
2527,NARCOTICS
2528,BATTERY
10723,NARCOTICS
2532,NARCOTICS
18918,BATTERY
18920,BATTERY
10734,BATTERY
2561,CRIMINAL DAMAGE
2563,CRIMINAL DAMAGE
18948,NARCOTICS
10762,BATTERY
18960,DECEPTIVE PRACTICE
15448,NARCOTICS
2578,CRIMINAL DAMAGE
10773,BATTERY
2582,BATTERY
2583,BATTERY
2585,BATTERY
18970,BURGLARY
10780,NARCOTICS
10783,CRIMINAL DAMAGE
10791,NARCOTICS
10793,DECEPTIVE PRACTICE
10796,BATTERY
18989,DECEPTIVE PRACTICE
2619,THEFT
2621,CRIMINAL DAMAGE
2624,BATTERY
10817,NARCOTICS
19014,THEFT
10824,THEFT
2636,THEFT
10833,DECEPTIVE PRACTICE
3171,BATTERY
10838,BATTERY
19032,THEFT
2649,NARCOTICS
19040,THEFT
2657,THEFT
10853,CRIMINAL DAMAGE
10855,THEFT
19048,THEFT
19054,NARCOTICS
2673,BATTERY
19060,THEFT
10875,BATTERY
2684,THEFT
19075,BATTERY
2694,THEFT
10888,BATTERY
17505,THEFT
2701,DECEPTIVE PRACTICE
10894,THEFT
19088,ROBBERY
10898,NARCOTICS
10901,BATTERY
12740,BATTERY
2715,THEFT
10909,NARCOTICS
10910,BATTERY
2719,ASSAULT
19105,NARCOTICS
2725,THEFT
10926,THEFT
2737,DECEPTIVE PRACTICE
19122,THEFT
10932,BATTERY
19130,BATTERY
10940,BATTERY
2749,NARCOTICS
19136,THEFT
2755,THEFT
10948,OTHER OFFENSE
19142,NARCOTICS
10957,BATTERY
2767,BATTERY
10960,THEFT
10962,THEFT
2776,DECEPTIVE PRACTICE
10970,THEFT
19165,THEFT
10977,BATTERY
19180,THEFT
10991,BATTERY
10992,CRIMINAL DAMAGE
2801,BURGLARY
10994,BATTERY
11002,BATTERY
2811,BATTERY
2812,NARCOTICS
2816,NARCOTICS
19214,BATTERY
11024,BATTERY
11028,BATTERY
2844,BATTERY
2848,BATTERY
19235,THEFT
11046,BATTERY
19241,NARCOTICS
19244,NARCOTICS
19254,NARCOTICS
11068,BATTERY
2883,THEFT
2885,BATTERY
2889,THEFT
11082,THEFT
19277,NARCOTICS
19286,OTHER OFFENSE
19287,NARCOTICS
11096,ASSAULT
2908,OTHER OFFENSE
19298,NARCOTICS
2917,BATTERY
19304,BATTERY
11113,BATTERY
19307,NARCOTICS
19316,NARCOTICS
19317,MOTOR VEHICLE THEFT
2934,THEFT
19320,CRIMINAL DAMAGE
2952,BATTERY
2954,NARCOTICS
11157,THEFT
11161,CRIMINAL DAMAGE
2974,THEFT
2982,THEFT
19367,BATTERY
11177,BATTERY
11188,BATTERY
19381,BATTERY
11191,BATTERY
3005,BATTERY
19395,BATTERY
12790,CRIMINAL DAMAGE
3020,THEFT
1869,OTHER OFFENSE
19412,BATTERY
11221,THEFT
11227,NARCOTICS
3036,BATTERY
11230,BATTERY
3039,BATTERY
11233,BATTERY
19426,NARCOTICS
19442,BATTERY
3060,THEFT
3070,BATTERY
19455,NARCOTICS
3072,NARCOTICS
3075,NARCOTICS
19463,BATTERY
11275,NARCOTICS
3099,BATTERY
11300,THEFT
3111,NARCOTICS
19501,THEFT
11317,THEFT
3126,THEFT
19518,THEFT
11329,NARCOTICS
3142,BATTERY
11335,THEFT
19532,NARCOTICS
3152,NARCOTICS
19539,BATTERY
3158,THEFT
19547,THEFT
11360,DECEPTIVE PRACTICE
3169,NARCOTICS
11362,THEFT
11363,NARCOTICS
3173,THEFT
19560,NARCOTICS
3180,NARCOTICS
11377,NARCOTICS
19573,BATTERY
3190,CRIMINAL DAMAGE
3194,BATTERY
11387,NARCOTICS
3200,BATTERY
19586,BATTERY
16918,THEFT
19590,THEFT
3208,MOTOR VEHICLE THEFT
11406,BATTERY
3217,THEFT
3223,DECEPTIVE PRACTICE
6000,THEFT
539,DECEPTIVE PRACTICE
11437,BATTERY
19630,NARCOTICS
11444,NARCOTICS
11445,THEFT
3255,THEFT
11451,MOTOR VEHICLE THEFT
19650,THEFT
11459,NARCOTICS
3269,BATTERY
19657,BATTERY
11469,BATTERY
11470,BATTERY
11472,THEFT
3285,BATTERY
19676,NARCOTICS
11485,BATTERY
11490,THEFT
11491,NARCOTICS
17295,CRIMINAL DAMAGE
11495,DECEPTIVE PRACTICE
11501,THEFT
19695,THEFT
19702,BATTERY
11511,BATTERY
19706,BATTERY
3324,BATTERY
3326,NARCOTICS
3332,THEFT
3335,DECEPTIVE PRACTICE
11529,THEFT
15575,NARCOTICS
19729,NARCOTICS
11542,THEFT
19735,THEFT
3354,THEFT
3356,BATTERY
3360,BATTERY
19746,BATTERY
3373,BATTERY
19758,NARCOTICS
19761,THEFT
11570,BATTERY
19765,BATTERY
3382,NARCOTICS
1929,THEFT
11578,BATTERY
3388,NARCOTICS
3392,BATTERY
18315,DECEPTIVE PRACTICE
8758,DECEPTIVE PRACTICE
11593,BATTERY
19787,NARCOTICS
3410,NARCOTICS
3299,DECEPTIVE PRACTICE
3415,BATTERY
19801,THEFT
19805,NARCOTICS
3422,NARCOTICS
3426,BATTERY
11619,DECEPTIVE PRACTICE
19812,THEFT
11624,THEFT
3436,BATTERY
19821,THEFT
3443,CRIMINAL DAMAGE
3445,NARCOTICS
19832,NARCOTICS
19833,THEFT
11651,BATTERY
19848,THEFT
3465,NARCOTICS
19850,BATTERY
19852,BATTERY
11665,THEFT
19861,DECEPTIVE PRACTICE
11674,THEFT
19873,THEFT
19874,THEFT
3492,THEFT
19880,THEFT
3497,THEFT
3498,THEFT
11691,THEFT
19889,THEFT
11698,BATTERY
4681,THEFT
19903,BATTERY
3520,THEFT
19906,THEFT
3523,BATTERY
3526,CRIMINAL DAMAGE
3527,THEFT
19918,THEFT
11729,THEFT
19922,BATTERY
11732,BATTERY
3541,THEFT
11738,DECEPTIVE PRACTICE
11739,CRIMINAL DAMAGE
11740,THEFT
3550,THEFT
19936,NARCOTICS
11748,THEFT
11755,BATTERY
3569,THEFT
19959,BATTERY
19961,BATTERY
3581,BURGLARY
3582,DECEPTIVE PRACTICE
11775,THEFT
19970,NARCOTICS
19974,DECEPTIVE PRACTICE
17032,THEFT
11792,INTERFERENCE WITH PUBLIC OFFICER
11794,THEFT
3608,THEFT
3609,BATTERY
19994,NARCOTICS
11807,THEFT
11813,BATTERY
11819,NARCOTICS
3629,NARCOTICS
3640,THEFT
11840,DECEPTIVE PRACTICE
3649,OTHER OFFENSE
609,THEFT
11848,BATTERY
11851,BATTERY
3682,THEFT
3683,DECEPTIVE PRACTICE
3684,BATTERY
3689,DECEPTIVE PRACTICE
11884,THEFT
3693,NARCOTICS
11898,NARCOTICS
11899,THEFT
11904,THEFT
3716,NARCOTICS
11909,THEFT
3721,THEFT
11918,OTHER OFFENSE
11926,THEFT
3735,THEFT
3739,BATTERY
11937,DECEPTIVE PRACTICE
3750,THEFT
3753,NARCOTICS
8818,THEFT
11956,BATTERY
3768,BATTERY
11963,BURGLARY
3773,BATTERY
11968,THEFT
11970,BATTERY
3783,BURGLARY
3789,THEFT
3790,THEFT
3791,BATTERY
11991,DECEPTIVE PRACTICE
18384,THEFT
3810,NARCOTICS
12008,THEFT
3819,THEFT
3821,BATTERY
14291,BATTERY
12022,THEFT
19495,NARCOTICS
3836,BATTERY
12031,BATTERY
12046,BATTERY
12056,BATTERY
12071,NARCOTICS
18396,THEFT
3887,BATTERY
12080,BURGLARY
3889,MOTOR VEHICLE THEFT
12087,THEFT
12096,THEFT
11574,THEFT
3910,DECEPTIVE PRACTICE
12110,THEFT
17037,BATTERY
15679,NARCOTICS
3923,THEFT
2040,NARCOTICS
12118,THEFT
12119,BATTERY
3928,THEFT
12134,NARCOTICS
12138,MOTOR VEHICLE THEFT
12140,THEFT
12141,THEFT
12155,THEFT
3964,BATTERY
12158,NARCOTICS
3990,PROSTITUTION
12183,THEFT
12185,BATTERY
3994,NARCOTICS
3996,THEFT
11589,BATTERY
12196,THEFT
4010,NARCOTICS
4012,NARCOTICS
12225,THEFT
2038,BATTERY
12235,THEFT
4045,BATTERY
4049,NARCOTICS
12249,THEFT
12252,THEFT
12256,MOTOR VEHICLE THEFT
4065,BATTERY
4068,BATTERY
4071,NARCOTICS
12265,DECEPTIVE PRACTICE
12268,THEFT
4083,NARCOTICS
4084,OTHER OFFENSE
4085,NARCOTICS
4088,NARCOTICS
12283,BATTERY
12287,BATTERY
4098,NARCOTICS
12296,THEFT
12304,BATTERY
12309,BATTERY
12310,BURGLARY
12316,CRIMINAL DAMAGE
4132,NARCOTICS
12332,BATTERY
12341,CRIMINAL DAMAGE
4151,THEFT
12344,THEFT
12348,NARCOTICS
12351,BATTERY
12358,BATTERY
4167,BATTERY
12365,BATTERY
4175,BATTERY
4178,BATTERY
4179,THEFT
12374,BATTERY
4183,BATTERY
12386,NARCOTICS
4199,BATTERY
4211,DECEPTIVE PRACTICE
12407,NARCOTICS
4217,THEFT
4218,CRIMINAL DAMAGE
4225,CRIMINAL DAMAGE
12423,THEFT
12425,THEFT
4234,BATTERY
4245,BATTERY
12438,THEFT
4254,BATTERY
12455,BATTERY
12458,BATTERY
12460,BATTERY
4274,THEFT
4283,NARCOTICS
12476,DECEPTIVE PRACTICE
12477,BATTERY
12479,BATTERY
716,NARCOTICS
12494,THEFT
4305,NARCOTICS
14372,CRIMINAL DAMAGE
12506,BATTERY
12523,THEFT
12524,BATTERY
4335,BATTERY
12532,BURGLARY
12533,DECEPTIVE PRACTICE
4343,BATTERY
4360,BATTERY
17876,BATTERY
12563,NARCOTICS
14383,DECEPTIVE PRACTICE
12572,ASSAULT
4383,OTHER OFFENSE
4386,NARCOTICS
12580,NARCOTICS
12581,BATTERY
4397,THEFT
12596,BATTERY
4830,NARCOTICS
12600,NARCOTICS
12602,THEFT
12604,BATTERY
4428,OTHER OFFENSE
12627,THEFT
12630,NARCOTICS
8933,THEFT
4453,DECEPTIVE PRACTICE
12647,NARCOTICS
4466,BATTERY
12677,THEFT
4490,BATTERY
12683,DECEPTIVE PRACTICE
12689,BATTERY
10308,BATTERY
12710,LIQUOR LAW VIOLATION
4521,BATTERY
12715,BATTERY
4524,THEFT
18915,DECEPTIVE PRACTICE
4541,THEFT
4543,THEFT
4548,THEFT
4553,BATTERY
4560,NARCOTICS
10319,THEFT
12770,THEFT
12775,THEFT
12786,THEFT
4598,BATTERY
4603,ASSAULT
17884,THEFT
4606,BATTERY
12800,THEFT
4616,BATTERY
4633,BATTERY
12829,BATTERY
12831,BATTERY
12835,NARCOTICS
4652,BATTERY
12845,BATTERY
4660,DECEPTIVE PRACTICE
4663,BATTERY
12857,CRIMINAL DAMAGE
12860,THEFT
4672,BATTERY
12867,THEFT
4679,BATTERY
12873,THEFT
4684,THEFT
4687,THEFT
12881,DECEPTIVE PRACTICE
4692,BATTERY
12888,CRIMINAL DAMAGE
17167,NARCOTICS
4710,NARCOTICS
4714,DECEPTIVE PRACTICE
14439,NARCOTICS
4718,NARCOTICS
12911,NARCOTICS
12912,CRIMINAL DAMAGE
4724,THEFT
12923,THEFT
4735,BATTERY
12929,BATTERY
12931,DECEPTIVE PRACTICE
12938,NARCOTICS
4749,BATTERY
4751,ASSAULT
12946,THEFT
4758,THEFT
12954,BATTERY
17178,DECEPTIVE PRACTICE
4769,THEFT
12975,NARCOTICS
4784,THEFT
18799,THEFT
4788,THEFT
4789,THEFT
12985,THEFT
4820,DECEPTIVE PRACTICE
13015,BATTERY
13022,THEFT
18710,NARCOTICS
4845,NARCOTICS
4851,DECEPTIVE PRACTICE
4854,THEFT
13051,NARCOTICS
13062,THEFT
4872,BATTERY
13065,THEFT
4884,BATTERY
4888,BATTERY
4895,THEFT
13091,THEFT
4900,NARCOTICS
13093,THEFT
817,BATTERY
4904,DECEPTIVE PRACTICE
4905,BATTERY
13099,THEFT
4908,NARCOTICS
4911,BATTERY
13104,BATTERY
13107,DECEPTIVE PRACTICE
13108,NARCOTICS
4940,MOTOR VEHICLE THEFT
13134,BATTERY
13137,THEFT
13139,DECEPTIVE PRACTICE
4948,DECEPTIVE PRACTICE
13143,NARCOTICS
13149,CRIMINAL DAMAGE
13155,THEFT
13166,THEFT
9021,NARCOTICS
15848,CRIMINAL DAMAGE
13179,ROBBERY
13180,THEFT
13181,THEFT
18988,THEFT
4992,BATTERY
13191,THEFT
13204,THEFT
13206,NARCOTICS
5020,BATTERY
13226,MOTOR VEHICLE THEFT
5035,BATTERY
5059,BATTERY
5084,CRIMINAL DAMAGE
5088,NARCOTICS
13284,THEFT
13289,CRIMINAL TRESPASS
5102,THEFT
13299,BATTERY
18601,NARCOTICS
13307,BATTERY
13310,CRIMINAL DAMAGE
17237,THEFT
13314,NARCOTICS
13328,THEFT
5149,BATTERY
5158,BATTERY
18612,CRIMINAL TRESPASS
13371,BATTERY
13372,CRIMINAL DAMAGE
5184,BURGLARY
13384,BATTERY
13386,CRIMINAL TRESPASS
13395,NARCOTICS
13399,THEFT
5209,BATTERY
5217,BATTERY
13412,MOTOR VEHICLE THEFT
5230,NARCOTICS
5231,NARCOTICS
13425,THEFT
13430,CRIMINAL DAMAGE
5243,THEFT
13444,LIQUOR LAW VIOLATION
5257,BATTERY
5260,DECEPTIVE PRACTICE
5261,BATTERY
13457,DECEPTIVE PRACTICE
13467,NARCOTICS
17264,THEFT
5283,BATTERY
9073,BURGLARY
5288,BATTERY
5289,THEFT
5299,DECEPTIVE PRACTICE
13503,BATTERY
5322,BURGLARY
5328,NARCOTICS
5332,BATTERY
13525,NARCOTICS
5343,NARCOTICS
13540,BATTERY
5354,THEFT
5365,THEFT
5366,BATTERY
13566,NARCOTICS
13568,OTHER OFFENSE
13572,DECEPTIVE PRACTICE
13573,BURGLARY
5385,BATTERY
5389,BATTERY
5390,BATTERY
5391,DECEPTIVE PRACTICE
13589,DECEPTIVE PRACTICE
5402,BATTERY
5405,BATTERY
5408,DECEPTIVE PRACTICE
13605,BATTERY
13608,BATTERY
13612,THEFT
13626,THEFT
10463,THEFT
5436,BATTERY
13630,CRIMINAL TRESPASS
5440,BATTERY
5448,THEFT
5467,NARCOTICS
13660,BATTERY
13662,CRIMINAL DAMAGE
5471,THEFT
13676,CRIMINAL DAMAGE
5491,THEFT
5492,BATTERY
13687,THEFT
13691,THEFT
5506,BATTERY
9110,THEFT
5510,THEFT
13703,THEFT
5513,BATTERY
13710,BATTERY
13714,THEFT
13715,THEFT
5527,THEFT
13720,THEFT
5529,THEFT
5538,THEFT
5544,THEFT
13738,CRIMINAL DAMAGE
11847,BURGLARY
5549,THEFT
5563,BATTERY
5571,NARCOTICS
5577,THEFT
5581,BURGLARY
13776,THEFT
13780,BATTERY
14585,THEFT
5598,THEFT
13793,NARCOTICS
5602,NARCOTICS
5606,BATTERY
5607,BATTERY
13803,BATTERY
18686,THEFT
13814,BATTERY
5626,BURGLARY
13821,BATTERY
5637,NARCOTICS
5638,BATTERY
13836,NARCOTICS
5648,THEFT
5652,BATTERY
5661,BATTERY
13860,BATTERY
13865,THEFT
13866,BATTERY
5676,THEFT
5677,THEFT
5678,THEFT
5681,NARCOTICS
13876,THEFT
5687,NARCOTICS
5688,OTHER OFFENSE
5689,OTHER OFFENSE
13882,BATTERY
13883,DECEPTIVE PRACTICE
13888,BATTERY
5697,NARCOTICS
5700,THEFT
13894,CRIMINAL DAMAGE
13911,BATTERY
13914,NARCOTICS
18703,BATTERY
5733,CRIMINAL DAMAGE
12466,THEFT
11881,DECEPTIVE PRACTICE
5755,BATTERY
5765,THEFT
5775,THEFT
13970,NARCOTICS
5780,DECEPTIVE PRACTICE
5796,PROSTITUTION
15985,BATTERY
5801,BATTERY
13994,CRIMINAL DAMAGE
13997,THEFT
5808,THEFT
14001,NARCOTICS
5811,THEFT
5816,BATTERY
5820,BATTERY
5822,BATTERY
5827,BATTERY
14022,THEFT
14026,DECEPTIVE PRACTICE
5835,LIQUOR LAW VIOLATION
14028,THEFT
17357,BATTERY
5842,BATTERY
5845,BATTERY
14038,THEFT
5847,BATTERY
5848,THEFT
5854,OTHER OFFENSE
14049,THEFT
14051,CRIMINAL DAMAGE
5860,THEFT
14054,THEFT
5867,NARCOTICS
14065,LIQUOR LAW VIOLATION
5878,BATTERY
5883,THEFT
5884,THEFT
5886,BATTERY
5888,MOTOR VEHICLE THEFT
5890,THEFT
14087,THEFT
14093,BATTERY
14095,BURGLARY
14096,BATTERY
14097,THEFT
19292,THEFT
5958,BATTERY
5967,BURGLARY
14164,THEFT
10553,NARCOTICS
5977,THEFT
14170,THEFT
5982,NARCOTICS
14175,NARCOTICS
14182,DECEPTIVE PRACTICE
5993,BATTERY
5996,THEFT
14190,BATTERY
14191,BATTERY
3473,NARCOTICS
6008,NARCOTICS
6014,THEFT
14207,NARCOTICS
14208,THEFT
14211,NARCOTICS
14212,THEFT
6027,THEFT
14222,BURGLARY
6031,THEFT
14227,BATTERY
6041,NARCOTICS
6047,THEFT
6051,THEFT
14244,THEFT
6054,THEFT
6055,THEFT
5107,BATTERY
14282,THEFT
6091,NARCOTICS
19843,THEFT
6093,NARCOTICS
6099,THEFT
6102,BATTERY
11942,NARCOTICS
6132,THEFT
14325,BATTERY
14331,THEFT
6152,THEFT
14352,BATTERY
14356,THEFT
6173,MOTOR VEHICLE THEFT
17118,NARCOTICS
14683,BATTERY
6180,BATTERY
6183,NARCOTICS
14379,NARCOTICS
6191,CRIMINAL DAMAGE
6192,THEFT
6197,BATTERY
17417,NARCOTICS
6201,BATTERY
6205,THEFT
14404,THEFT
6217,BATTERY
14415,NARCOTICS
14419,THEFT
6241,THEFT
6247,DECEPTIVE PRACTICE
14448,BATTERY
6266,BATTERY
18794,THEFT
14465,DECEPTIVE PRACTICE
14466,BATTERY
14469,NARCOTICS
14483,NARCOTICS
14491,THEFT
6301,BATTERY
6305,BATTERY
6310,BATTERY
6312,CRIMINAL DAMAGE
6324,THEFT
14517,THEFT
6329,CRIMINAL DAMAGE
6338,BATTERY
6340,NARCOTICS
14533,THEFT
19033,NARCOTICS
6350,BATTERY
14550,BATTERY
17446,THEFT
14566,BATTERY
14569,PROSTITUTION
14575,BATTERY
6393,BATTERY
14588,NARCOTICS
6402,BATTERY
6407,BATTERY
17126,NARCOTICS
14616,BATTERY
14620,BATTERY
14623,NARCOTICS
14626,BATTERY
6435,BATTERY
14635,BATTERY
14641,BATTERY
14647,NARCOTICS
14651,BATTERY
14652,CRIMINAL DAMAGE
14653,BATTERY
14660,BATTERY
14662,THEFT
6471,THEFT
14664,NARCOTICS
6491,THEFT
14684,BATTERY
5179,BATTERY
14703,CRIMINAL DAMAGE
6516,BATTERY
6522,BATTERY
6525,CRIMINAL DAMAGE
6526,THEFT
6532,NARCOTICS
6533,BATTERY
6538,THEFT
14732,THEFT
6550,BATTERY
14747,THEFT
6561,BATTERY
6564,BATTERY
14757,THEFT
18844,DECEPTIVE PRACTICE
6570,BATTERY
14764,DECEPTIVE PRACTICE
14767,DECEPTIVE PRACTICE
6579,THEFT
14772,OTHER OFFENSE
14777,BATTERY
6586,THEFT
1098,CRIMINAL DAMAGE
6590,THEFT
14790,THEFT
6599,THEFT
6600,NARCOTICS
6601,BATTERY
6610,BATTERY
6611,THEFT
14804,THEFT
14809,THEFT
14821,THEFT
6631,BATTERY
14826,BATTERY
6637,THEFT
6639,THEFT
18856,PROSTITUTION
6643,THEFT
6646,NARCOTICS
14839,NARCOTICS
14851,THEFT
14853,NARCOTICS
16129,NARCOTICS
14859,BATTERY
14860,NARCOTICS
14864,NARCOTICS
6673,BATTERY
6676,THEFT
14882,BATTERY
14883,CRIMINAL TRESPASS
14884,NARCOTICS
16134,BATTERY
6696,BATTERY
18867,BATTERY
14901,THEFT
6712,THEFT
14906,NARCOTICS
6724,BATTERY
14918,BATTERY
14919,BATTERY
6729,THEFT
6730,THEFT
6732,NARCOTICS
14932,BATTERY
6741,THEFT
17508,BATTERY
14940,THEFT
6751,NARCOTICS
14944,NARCOTICS
6753,BATTERY
14952,THEFT
14954,THEFT
6767,THEFT
6768,THEFT
6774,THEFT
6775,DECEPTIVE PRACTICE
18880,DECEPTIVE PRACTICE
6791,NARCOTICS
14987,THEFT
6796,BATTERY
6798,BATTERY
14996,NARCOTICS
14997,BATTERY
6807,PROSTITUTION
15007,CRIMINAL TRESPASS
6821,THEFT
15015,THEFT
6825,BATTERY
6826,BATTERY
6829,BATTERY
15027,THEFT
6846,BATTERY
16160,DECEPTIVE PRACTICE
6850,THEFT
15049,THEFT
15061,NARCOTICS
15063,BATTERY
6875,THEFT
15070,CRIMINAL DAMAGE
15072,DECEPTIVE PRACTICE
6887,BATTERY
15080,BATTERY
6889,THEFT
6891,BATTERY
15084,BATTERY
15089,NARCOTICS
15104,NARCOTICS
15109,CRIMINAL DAMAGE
6919,BATTERY
15113,NARCOTICS
6924,BATTERY
15118,BATTERY
15120,THEFT
6932,THEFT
6934,THEFT
6940,BURGLARY
6942,NARCOTICS
6946,BATTERY
6956,BATTERY
15153,NARCOTICS
15155,THEFT
15156,CRIMINAL DAMAGE
15162,CRIMINAL TRESPASS
15163,NARCOTICS
6980,THEFT
15173,NARCOTICS
15178,BATTERY
6987,NARCOTICS
6995,THEFT
6996,THEFT
7002,CRIMINAL DAMAGE
15198,OTHER OFFENSE
15202,BATTERY
15203,BATTERY
7015,BATTERY
15208,NARCOTICS
15211,BATTERY
7025,DECEPTIVE PRACTICE
7031,BATTERY
16601,BATTERY
15228,BATTERY
7038,OTHER OFFENSE
7052,THEFT
7055,THEFT
7071,THEFT
15267,CRIMINAL DAMAGE
7078,DECEPTIVE PRACTICE
15277,CRIM SEXUAL ASSAULT
7090,THEFT
15285,BATTERY
7096,BATTERY
15304,THEFT
7124,BATTERY
7126,OTHER OFFENSE
15320,BATTERY
7129,THEFT
7134,NARCOTICS
15328,THEFT
7139,DECEPTIVE PRACTICE
7147,THEFT
9386,THEFT
7168,THEFT
7174,BATTERY
7177,THEFT
7183,NARCOTICS
7184,BATTERY
15377,BATTERY
7191,NARCOTICS
15388,BATTERY
15389,BATTERY
15397,BATTERY
15409,BATTERY
7223,THEFT
15417,BATTERY
15428,THEFT
15429,NARCOTICS
7243,THEFT
7248,NARCOTICS
15444,THEFT
7256,BATTERY
15451,NARCOTICS
7271,CRIMINAL DAMAGE
15464,BATTERY
15468,BATTERY
15471,NARCOTICS
7283,THEFT
15481,NARCOTICS
15484,NARCOTICS
15485,BATTERY
7302,THEFT
15502,CRIMINAL DAMAGE
7314,DECEPTIVE PRACTICE
17605,DECEPTIVE PRACTICE
7332,NARCOTICS
16241,NARCOTICS
7336,THEFT
15533,NARCOTICS
15548,THEFT
7361,THEFT
19067,DECEPTIVE PRACTICE
7367,THEFT
15568,BATTERY
7377,NARCOTICS
7383,CRIMINAL DAMAGE
15579,THEFT
15581,THEFT
7396,THEFT
7401,BATTERY
7409,NARCOTICS
15602,DECEPTIVE PRACTICE
15603,THEFT
15607,THEFT
15616,BATTERY
15623,BURGLARY
2604,BATTERY
7441,DECEPTIVE PRACTICE
7445,BATTERY
7455,THEFT
15656,BATTERY
15660,THEFT
15665,DECEPTIVE PRACTICE
7476,CRIMINAL DAMAGE
15674,BATTERY
7484,THEFT
7485,NARCOTICS
7487,THEFT
7491,NARCOTICS
15690,THEFT
7499,THEFT
17235,BATTERY
15700,THEFT
7509,THEFT
15717,THEFT
15722,THEFT
17017,THEFT
15735,BATTERY
7548,BATTERY
7549,THEFT
15745,THEFT
15755,NARCOTICS
3993,CRIMINAL DAMAGE
15768,THEFT
7582,BATTERY
7586,BATTERY
7587,BATTERY
15788,THEFT
7599,CRIMINAL TRESPASS
7600,THEFT
15795,DECEPTIVE PRACTICE
14921,NARCOTICS
3999,BATTERY
7624,THEFT
15821,BATTERY
7637,BATTERY
15840,BATTERY
15844,BATTERY
16606,BATTERY
7656,THEFT
7664,THEFT
7673,DECEPTIVE PRACTICE
7674,THEFT
7676,THEFT
15870,BATTERY
14933,BATTERY
15872,DECEPTIVE PRACTICE
15879,THEFT
15887,BATTERY
7696,BATTERY
7703,BATTERY
15896,BATTERY
15897,NARCOTICS
15901,BATTERY
7711,NARCOTICS
15905,BATTERY
7717,THEFT
7718,DECEPTIVE PRACTICE
7719,BATTERY
7722,THEFT
7726,BATTERY
15920,BATTERY
7730,CRIMINAL DAMAGE
7732,THEFT
7733,THEFT
15927,THEFT
7749,THEFT
15945,BATTERY
7759,DECEPTIVE PRACTICE
7760,ASSAULT
15958,THEFT
15961,BATTERY
13583,THEFT
2661,THEFT
15970,THEFT
7789,BATTERY
1896,CRIMINAL DAMAGE
15987,CRIMINAL DAMAGE
16005,BATTERY
16006,THEFT
16012,BATTERY
7822,NARCOTICS
16020,BATTERY
17689,NARCOTICS
7839,THEFT
16034,THEFT
19057,DECEPTIVE PRACTICE
16041,BATTERY
7850,NARCOTICS
16045,THEFT
16054,THEFT
16064,NARCOTICS
7874,THEFT
16072,THEFT
7888,BATTERY
16085,OTHER OFFENSE
16096,BATTERY
7907,NARCOTICS
7916,THEFT
16114,BATTERY
16121,BATTERY
7937,THEFT
16132,HOMICIDE
7942,THEFT
7949,BATTERY
16142,THEFT
7965,MOTOR VEHICLE THEFT
7968,THEFT
16161,BATTERY
7972,NARCOTICS
7975,OTHER OFFENSE
16174,BATTERY
7986,BATTERY
7987,BATTERY
7992,BATTERY
7994,THEFT
19082,THEFT
8006,NARCOTICS
8012,NARCOTICS
16213,DECEPTIVE PRACTICE
16216,INTERFERENCE WITH PUBLIC OFFICER
16217,THEFT
9530,THEFT
16240,NARCOTICS
8049,DECEPTIVE PRACTICE
8055,OTHER OFFENSE
16248,BATTERY
8071,BATTERY
8074,NARCOTICS
8082,BURGLARY
8085,THEFT
16285,BATTERY
8096,THEFT
8108,NARCOTICS
8109,BATTERY
8112,BATTERY
17736,THEFT
16307,BATTERY
16326,NARCOTICS
16331,THEFT
8140,THEFT
8151,BATTERY
8158,CRIMINAL DAMAGE
8161,NARCOTICS
4091,THEFT
8170,NARCOTICS
8190,THEFT
